{
  "project_info": {
    "project_number": "159143492677",
    "project_id": "st10295602",
    "storage_bucket": "st10295602.firebasestorage.app"
  },
  "client": [
    {
      "client_info": {
        "mobilesdk_app_id": "1:159143492677:android:4990a019990845fc2af72c",
        "android_client_info": {
          "package_name": "com.ST10295602.ice2"
        }
      },
      "oauth_client": [],
      "api_key": [
        {
          "current_key": "AIzaSyA1beLMBBfE8T-HMeYBPy9QBacmx5F5hnw"
        }
      ],
      "services": {
        "appinvite_service": {
          "other_platform_oauth_client": []
        }
      }
    }
  ],
  "configuration_version": "1"
}